<?xml version="1.0"?>
<doc>
    <assembly>
        <name>Boethin.Net.DnsTools.DnsClient</name>
    </assembly>
    <members>
        <member name="T:Boethin.Net.DnsTools.DnsClient.DnsTcpClient">
            <summary>
            A System.Net.Sockets.TcpClient, extended with the IDnsClient capabilities.
            </summary>
        </member>
        <member name="T:Boethin.Net.DnsTools.DnsClient.DnsUdpClient">
            <summary>
            A UDP client for sending DNS requests.
            </summary>
        </member>
        <member name="M:Boethin.Net.DnsTools.DnsClient.DnsUdpClient.Boethin#Net#DnsTools#DnsClient#IDnsClient#Connect(System.String)">
            <summary>
            Assign an IP address with the client using the default name server port 53.
            </summary>
            <param name="address"></param>
        </member>
        <member name="M:Boethin.Net.DnsTools.DnsClient.DnsUdpClient.Boethin#Net#DnsTools#DnsClient#IDnsClient#Connect(System.Net.IPAddress)">
            <summary>
            Assign an IP address with the client using the default name server port 53.
            </summary>
            <param name="address"></param>
        </member>
        <member name="P:Boethin.Net.DnsTools.DnsClient.DNS.Message.Timestamp">
            <summary>
            The message timestamp. Calculate the difference between request and response 
            timestamp to get the time ellapsed during the lookup transaction.
            <para>The value is initialized when the message is sent or received.</para>
            </summary>
        </member>
        <member name="P:Boethin.Net.DnsTools.DnsClient.DNS.Message.Data">
            <summary>
            The raw message byte data.
            <para>The value is initialized when the message is sent or received.</para>
            </summary>
        </member>
        <member name="P:Boethin.Net.DnsTools.DnsClient.DNS.Message.Header">
            <summary>
            The message header.
            </summary>
        </member>
        <member name="P:Boethin.Net.DnsTools.DnsClient.DNS.Message.Questions">
            <summary>
            Carries the query name and other query parameters.
            <para>Although [RFC 1035] states a list of questions, in practice there is 
            always only one question per request.</para>
            </summary>
        </member>
        <member name="P:Boethin.Net.DnsTools.DnsClient.DNS.Message.AnswerRecords">
            <summary>
            Carries RRs which directly answer the query.
            </summary>
        </member>
        <member name="P:Boethin.Net.DnsTools.DnsClient.DNS.Message.AuthorityRecords">
            <summary>
            Carries RRs which describe other authoritative servers.
            May optionally carry the SOA RR for the authoritative
            data in the answer section.
            </summary>
        </member>
        <member name="P:Boethin.Net.DnsTools.DnsClient.DNS.Message.AdditionalRecords">
            <summary>
            Carries RRs which may be helpful in using the RRs in the
            other sections.
            </summary>
        </member>
        <member name="M:Boethin.Net.DnsTools.DnsClient.Request.#ctor(System.UInt16,System.Boolean,Boethin.Net.DnsTools.DnsClient.DNS.OPCODE,Boethin.Net.DnsTools.DnsClient.DNS.Question)">
            <summary>
            Create a new DNS request.
            </summary>
            <param name="id">A 16 bit identifier assigned by the program that generates any kind of query.</param>
            <param name="rd">Recursion Desired - If RD is set, it directs the name server to pursue the query recursively.</param>
            <param name="opcode">A four bit field that specifies kind of query in this message.</param>
            <param name="question"></param>
        </member>
        <member name="M:Boethin.Net.DnsTools.DnsClient.Request.#ctor(System.Boolean,Boethin.Net.DnsTools.DnsClient.DNS.Question)">
            <summary>
            Create a new QUERY DNS request.
            </summary>
            <param name="rd">Recursion Desired - If RD is set, it directs the name server to pursue the query recursively.</param>
            <param name="question">The DNS question.</param>
        </member>
        <member name="T:Boethin.Net.DnsTools.DnsClient.DNS.Records.OPT">
            <summary>
            The OPT pseudo-RR is an essential part of the Extension mechanisms for DNS (EDNS).
            [RFC 2671]
            </summary>
        </member>
        <member name="T:Boethin.Net.DnsTools.DnsClient.DNS.RR">
            <summary>
            The bese class for all resource records.
            </summary>
        </member>
        <member name="M:Boethin.Net.DnsTools.DnsClient.DNS.RR.Equals(System.Object)">
            <summary>
            Determines whether or not the specified object is equal to the current instance.
            </summary>
            <param name="obj">The object to compare with.</param>
            <returns></returns>
        </member>
        <member name="M:Boethin.Net.DnsTools.DnsClient.DNS.RR.Equals(Boethin.Net.DnsTools.DnsClient.DNS.RR)">
            <summary>
            Determines whether or not the specified resource record is equal to the current instance.
            </summary>
            <param name="rr">The resource record to compare with.</param>
            <returns></returns>
        </member>
        <member name="P:Boethin.Net.DnsTools.DnsClient.DNS.RR.Base">
            <summary>
            The basic data common to all resource records.
            </summary>
        </member>
        <member name="T:Boethin.Net.DnsTools.DnsClient.Response">
            <summary>
            A name server response.
            </summary>
        </member>
        <member name="P:Boethin.Net.DnsTools.DnsClient.DNS.Records.CNAME.CANONICAL">
            <summary>
            A &lt;domain-name&gt; which specifies the canonical or primary
            name for the owner. The owner name is an alias.
            </summary>
        </member>
        <member name="P:Boethin.Net.DnsTools.DnsClient.DNS.Records.TXT.DATA">
            <summary>
            One or more &lt;character-string&gt;s.
            <para>A &lt;character-string&gt; is treated as binary information, 
            and can be up to 255 characters in length.</para>
            </summary>
        </member>
        <member name="P:Boethin.Net.DnsTools.DnsClient.DNS.Records.NS.NSDNAME">
            <summary>
            A &lt;domain-name&gt; which specifies a host which should be
            authoritative for the specified class and domain.
            [RFC 1035]
            </summary>
        </member>
        <member name="T:Boethin.Net.DnsTools.DnsClient.DNS.Records.NAPTR">
            <summary>
             The Naming Authority Pointer (NAPTR) RR is essential for the
             Dynamic Delegation Discovery System (DDDS).
             [RFC 3403]
            </summary>
        </member>
        <member name="P:Boethin.Net.DnsTools.DnsClient.DNS.Records.NAPTR.ORDER">
            <summary>
            A 16-bit unsigned integer specifying the order in which the NAPTR
            records MUST be processed in order to accurately represent the
            ordered list of Rules.
            </summary>
        </member>
        <member name="P:Boethin.Net.DnsTools.DnsClient.DNS.Records.NAPTR.PREFERENCE">
            <summary>
            A 16-bit unsigned integer that specifies the order in which NAPTR 
            records with equal Order values should be
            processed.
            </summary>
        </member>
        <member name="P:Boethin.Net.DnsTools.DnsClient.DNS.Records.NAPTR.FLAGS">
            <summary>
            Flags to control aspects of the rewriting and interpretation of the fields 
            in the record. Flags are single characters from the set A-Z and 0-9. The case of the
            alphabetic characters is not significant. The field can be empty.
            </summary>
        </member>
        <member name="P:Boethin.Net.DnsTools.DnsClient.DNS.Records.NAPTR.SERVICES">
            <summary>
            A &lt;character-string&gt; that specifies the Service Parameters
            applicable to this this delegation path. 
            </summary>
        </member>
        <member name="P:Boethin.Net.DnsTools.DnsClient.DNS.Records.NAPTR.REGEXP">
            <summary>
            A &lt;character-string&gt; containing a substitution expression that is
            applied to the original string held by the client in order to
            construct the next domain name to lookup. 
            </summary>
        </member>
        <member name="P:Boethin.Net.DnsTools.DnsClient.DNS.Records.NAPTR.REPLACEMENT">
            <summary>
            A &lt;domain-name&gt; which is the next domain-name to query for
            depending on the potential values found in the flags field.  This
            field is used when the regular expression is a simple replacement
            operation.
            </summary>
        </member>
        <member name="T:Boethin.Net.DnsTools.DnsClient.DNS.RRBase">
            <summary>
            The basic data common to all resource records.
            </summary>
        </member>
        <member name="P:Boethin.Net.DnsTools.DnsClient.DNS.RRBase.NAME">
            <summary>
            A domain name to which this resource record pertains.
            [RFC 1035]
            </summary>
        </member>
        <member name="P:Boethin.Net.DnsTools.DnsClient.DNS.RRBase.TYPE">
            <summary>
            Two octets containing one of the RR type codes.  This
            field specifies the meaning of the data in the RDATA
            field.
            [RFC 1035]
            <para>The value is null if the type is not implemented.</para>
            </summary>
        </member>
        <member name="P:Boethin.Net.DnsTools.DnsClient.DNS.RRBase.TypeValue">
            <summary>
            The numeric value of the TYPE field.
            </summary>
        </member>
        <member name="P:Boethin.Net.DnsTools.DnsClient.DNS.RRBase.TypeString">
            <summary>
            The name of the TYPE field or it's numeric value if the type is not implemented.
            </summary>
        </member>
        <member name="P:Boethin.Net.DnsTools.DnsClient.DNS.RRBase.CLASS">
            <summary>
            Two octets which specify the class of the data in the
            RDATA field.
            [RFC 1035]
            </summary>
        </member>
        <member name="P:Boethin.Net.DnsTools.DnsClient.DNS.RRBase.TTL">
            <summary>
            A 32 bit unsigned integer that specifies the time
            interval (in seconds) that the resource record may be
            cached before it should be discarded.  Zero values are
            interpreted to mean that the RR can only be used for the
            transaction in progress, and should not be cached.
            [RFC 1035]
            </summary>
        </member>
        <member name="P:Boethin.Net.DnsTools.DnsClient.DNS.Records.PTR.PTRDNAME">
            <summary>
            A &lt;domain-name&gt; which points to some location in the
            domain name space.
            [RFC 1035]
            </summary>
        </member>
        <member name="T:Boethin.Net.DnsTools.DnsClient.DNS.QTYPE">
            <summary>
            A two octet code which specifies the type of the query.
            The values for this field include all codes valid for a
            TYPE field, together with some more general codes which
            can match more than one type of RR.
            </summary>
        </member>
        <member name="F:Boethin.Net.DnsTools.DnsClient.DNS.QTYPE.A">
            <summary>
            IPv4 host address (1)
            [RFC 1035]
            </summary>
        </member>
        <member name="F:Boethin.Net.DnsTools.DnsClient.DNS.QTYPE.NS">
            <summary>
            An authoritative name server (2).
            [RFC 1035]
            </summary>
        </member>
        <member name="F:Boethin.Net.DnsTools.DnsClient.DNS.QTYPE.CNAME">
            <summary>
            The canonical name for an alias (5)
            [RFC 1035]
            </summary>
        </member>
        <member name="F:Boethin.Net.DnsTools.DnsClient.DNS.QTYPE.SOA">
            <summary>
            Marks the start of a zone of authority (6).
            [RFC 1035]
            </summary>
        </member>
        <member name="F:Boethin.Net.DnsTools.DnsClient.DNS.QTYPE.PTR">
            <summary>
            A domain name pointer (12).
            [RFC 1035]
            </summary>
        </member>
        <member name="F:Boethin.Net.DnsTools.DnsClient.DNS.QTYPE.MX">
            <summary>
            Mail exchange (15).
            [RFC 1035]
            </summary>
        </member>
        <member name="F:Boethin.Net.DnsTools.DnsClient.DNS.QTYPE.TXT">
            <summary>
            Text strings (16).
            [RFC 1035]
            </summary>
        </member>
        <member name="F:Boethin.Net.DnsTools.DnsClient.DNS.QTYPE.AXFR">
            <summary>
            A request for a transfer of an entire zone.
            [RFC 1035]
            </summary>
        </member>
        <member name="F:Boethin.Net.DnsTools.DnsClient.DNS.QTYPE.ANY">
            <summary>
            A request for all records (255).
            [RFC 1035]
            </summary>
        </member>
        <member name="F:Boethin.Net.DnsTools.DnsClient.DNS.QTYPE.AAAA">
            <summary>
            A single IPv6 address (28). 
            [RFC 3596]
            </summary>
        </member>
        <member name="F:Boethin.Net.DnsTools.DnsClient.DNS.QTYPE.SRV">
            <summary>
            A DNS RR for specifying the location of services (DNS SRV).
            [RFC 2782]
            </summary>
        </member>
        <member name="F:Boethin.Net.DnsTools.DnsClient.DNS.QTYPE.NAPTR">
            <summary>
            Name Authority Pointer (NAPTR).
            [RFC 3403]
            </summary>
        </member>
        <member name="F:Boethin.Net.DnsTools.DnsClient.DNS.QTYPE.SPF">
            <summary>
            An SPF record is a DNS Resource Record (RR) that declares which hosts
            are, and are not, authorized to use a domain name for the &quot;HELO&quot; and
            &quot;MAIL FROM&quot;" identities.
            [RFC 4408]
            </summary>
        </member>
        <member name="F:Boethin.Net.DnsTools.DnsClient.DNS.OPCODE.QUERY">
            <summary>
            A standard query (0).
            [RFC 1035]
            </summary>
        </member>
        <member name="F:Boethin.Net.DnsTools.DnsClient.DNS.OPCODE.STATUS">
            <summary>
            A server status request (2)
            [RFC 1035]
            </summary>
        </member>
        <member name="F:Boethin.Net.DnsTools.DnsClient.DNS.OPCODE.NOTIFY">
            <summary>
            The DNS NOTIFY transaction allows master servers to inform slave
            servers when the zone has changed (4).
            [RFC 1996]
            </summary>
        </member>
        <member name="F:Boethin.Net.DnsTools.DnsClient.DNS.OPCODE.UPDATE">
            <summary>
            Using the UPDATE (5) opcode, it is possible to add
            or delete RRs or RRsets from a specified zone. 
            [RFC2136]
            </summary>
        </member>
        <member name="M:Boethin.Net.DnsTools.DnsClient.Logging.LogMessageText.REQUEST.INFO.SendingRequest(System.Int32,Boethin.Net.DnsTools.DnsClient.NetworkProtocol,System.Net.IPEndPoint)">
            <summary>
            &quot;Sending {0} bytes via {1} to {2} on port {3}.&quot;
            </summary>
            <returns></returns>
        </member>
        <member name="M:Boethin.Net.DnsTools.DnsClient.Logging.LogMessageText.RESPONSE.INFO.ResponseReceived(System.Int32,System.Net.IPEndPoint)">
            <summary>
            &quot;Received: {0} bytes from {1} in {2}ms."
            </summary>
            <param name="bytes"></param>
            <param name="remote"></param>
            <returns></returns>
        </member>
        <member name="M:Boethin.Net.DnsTools.DnsClient.Logging.LogMessageText.RESPONSE.WARN.ResponseNonZero(System.Byte,Boethin.Net.DnsTools.DnsClient.DNS.RCODE)">
            <summary>
            &quot;Non-Zero RCODE received: {0} ({1}).&quot;
            </summary>
            <param name="rcodeValue"></param>
            <param name="rcode"></param>
            <returns></returns>
        </member>
        <member name="M:Boethin.Net.DnsTools.DnsClient.Logging.LogMessageText.RESPONSE.WARN.ResponseTruncated">
            <summary>
            &quot;Truncated response (the TC bit is set).&quot;
            </summary>
            <returns></returns>
        </member>
        <member name="M:Boethin.Net.DnsTools.DnsClient.Extensions.ByteExtensions.GetNetworkBytes(System.UInt16)">
            <summary>
            Convert a 16bit integer to a 2-byte array using network order (big-endian).
            </summary>
            <param name="value"></param>
            <returns></returns>
        </member>
        <member name="M:Boethin.Net.DnsTools.DnsClient.Extensions.ByteExtensions.AsNetworkUint16(System.Byte[])">
            <summary>
            Convert a 2-byte array to a 16bit integer, assuming network order (big-endian).
            </summary>
            <param name="value"></param>
            <returns></returns>
        </member>
        <member name="T:Boethin.Net.DnsTools.DnsClient.DNS.Records.SPF">
            <summary>
            RR containing a SPF (Sender Policy Framework) entry. Similar to TXT records.
            </summary>
        </member>
        <member name="P:Boethin.Net.DnsTools.DnsClient.DNS.Records.SPF.SPFString">
            <summary>
            The string defining the SPF entry.
            </summary>
        </member>
        <member name="T:Boethin.Net.DnsTools.DnsClient.DNS.Records.Address">
            <summary>
            Abstract IP address record, implemented either as A or AAAA record.
            </summary>
        </member>
        <member name="M:Boethin.Net.DnsTools.DnsClient.DNS.Records.Address.ToString(System.Int32)">
            <summary>
            A common string representation of the Resource Record.
            </summary>
            <param name="namePadding">Apply PadLeft to the NAME field</param>
            <returns></returns>
        </member>
        <member name="T:Boethin.Net.DnsTools.DnsClient.DNS.QCLASS">
            <summary>
            a two octet code that specifies the class of the query.
            For example, the QCLASS field is IN for the Internet.
            </summary>
        </member>
        <member name="F:Boethin.Net.DnsTools.DnsClient.DNS.QCLASS.IN">
            <summary>
            The Internet (1).
            [RFC 1035]
            </summary>
        </member>
        <member name="F:Boethin.Net.DnsTools.DnsClient.DNS.QCLASS.CH">
            <summary>
            The CHAOS class (3).
            [RFC 1035]
            </summary>
        </member>
        <member name="F:Boethin.Net.DnsTools.DnsClient.DNS.QCLASS.HS">
            <summary>
            Hesiod [Dyer 87] (4).
            [RFC 1035]
            </summary>
        </member>
        <member name="T:Boethin.Net.DnsTools.DnsClient.Datagram">
            <summary>
            A Datagram is a struct representing a byte array.
            </summary>
        </member>
        <member name="F:Boethin.Net.DnsTools.DnsClient.Datagram.Empty">
            <summary>
            The 0-byte datagram.
            </summary>
        </member>
        <member name="P:Boethin.Net.DnsTools.DnsClient.Datagram.IsEmpty">
            <summary>
            Whether or not the underlying byte array is empty.
            </summary>
        </member>
        <member name="P:Boethin.Net.DnsTools.DnsClient.Datagram.Length">
            <summary>
            The length of the underlying byte array.
            </summary>
        </member>
        <member name="T:Boethin.Net.DnsTools.DnsClient.DNS.Records.SRV">
            <summary>
            A DNS RR for specifying the location of services (DNS SRV).
            [RFC 2782]
            </summary>
        </member>
        <member name="P:Boethin.Net.DnsTools.DnsClient.DNS.Records.SRV.PRIORITY">
            <summary>
            The priority of this target host. A client MUST attempt to
            contact the target host with the lowest-numbered priority it can
            reach; target hosts with the same priority SHOULD be tried in an
            order defined by the weight field. 
            [RFC 2782]
            </summary>
        </member>
        <member name="P:Boethin.Net.DnsTools.DnsClient.DNS.Records.SRV.WEIGHT">
            <summary>
            A server selection mechanism.  The weight field specifies a
            relative weight for entries with the same priority. Larger
            weights SHOULD be given a proportionately higher probability of
            being selected.
            [RFC 2782]
            </summary>
        </member>
        <member name="P:Boethin.Net.DnsTools.DnsClient.DNS.Records.SRV.PORT">
            <summary>
            The port on this target host of this service.
            [RFC 2782]
            </summary>
        </member>
        <member name="P:Boethin.Net.DnsTools.DnsClient.DNS.Records.SRV.TARGET">
            <summary>
            The domain name of the target host.
            [RFC 2782]
            </summary>
        </member>
        <member name="P:Boethin.Net.DnsTools.DnsClient.DNS.Records.SOA.MNAME">
            <summary>
            The &lt;domain-name&gt; of the name server that was the
            original or primary source of data for this zone.
            [RFC 1035]
            </summary>
        </member>
        <member name="P:Boethin.Net.DnsTools.DnsClient.DNS.Records.SOA.RNAME">
            <summary>
            A &lt;domain-name&gt; which specifies the mailbox of the
            person responsible for this zone.
            [RFC 1035]
            </summary>
        </member>
        <member name="P:Boethin.Net.DnsTools.DnsClient.DNS.Records.SOA.SERIAL">
            <summary>
            The unsigned 32 bit version number of the original copy
            of the zone.  Zone transfers preserve this value.  This
            value wraps and should be compared using sequence space
            arithmetic.
            [RFC 1035]
            </summary>
        </member>
        <member name="P:Boethin.Net.DnsTools.DnsClient.DNS.Records.SOA.REFRESH">
            <summary>
            A 32 bit time interval before the zone should be
            refreshed.
            [RFC 1035]
            <para>All times are in units of seconds.</para>
            </summary>
        </member>
        <member name="P:Boethin.Net.DnsTools.DnsClient.DNS.Records.SOA.RETRY">
            <summary>
            A 32 bit time interval that should elapse before a
            failed refresh should be retried.
            [RFC 1035]
            <para>All times are in units of seconds.</para>
            </summary>
        </member>
        <member name="P:Boethin.Net.DnsTools.DnsClient.DNS.Records.SOA.EXPIRE">
            <summary>
            A 32 bit time value that specifies the upper limit on
            the time interval that can elapse before the zone is no
            longer authoritative.
            [RFC 1035]
            <para>All times are in units of seconds.</para>
            </summary>
        </member>
        <member name="P:Boethin.Net.DnsTools.DnsClient.DNS.Records.SOA.MINIMUM">
            <summary>
            The unsigned 32 bit minimum TTL field that should be
            exported with any RR from this zone.
            [RFC 1035]
            <para>All times are in units of seconds.</para>
            </summary>
        </member>
        <member name="T:Boethin.Net.DnsTools.DnsClient.DNS.Records.A">
            <summary>
            IPv4 address record.
            </summary>
        </member>
        <member name="F:Boethin.Net.DnsTools.DnsClient.DNS.RCODE.NoError">
            <summary>
            No error condition.
            [RFC 1035]
            </summary>
        </member>
        <member name="F:Boethin.Net.DnsTools.DnsClient.DNS.RCODE.FormatError">
            <summary>
            Format error - The name server was
            unable to interpret the query.
            [RFC 1035]
            </summary>
        </member>
        <member name="F:Boethin.Net.DnsTools.DnsClient.DNS.RCODE.ServerFailure">
            <summary>
            Server failure - The name server was
            unable to process this query due to a
            problem with the name server.
            [RFC 1035]
            </summary>
        </member>
        <member name="F:Boethin.Net.DnsTools.DnsClient.DNS.RCODE.NameError">
            <summary>
            Name Error - Meaningful only for
            responses from an authoritative name
            server, this code signifies that the
            domain name referenced in the query does
            not exist.
            [RFC 1035]
            </summary>
        </member>
        <member name="F:Boethin.Net.DnsTools.DnsClient.DNS.RCODE.NotImplemented">
            <summary>
            Not Implemented - The name server does
            not support the requested kind of query.
            [RFC 1035]
            </summary>
        </member>
        <member name="F:Boethin.Net.DnsTools.DnsClient.DNS.RCODE.Refused">
            <summary>
            Refused - The name server refuses to
            perform the specified operation for
            policy reasons.
            [RFC 1035]
            </summary>
        </member>
        <member name="F:Boethin.Net.DnsTools.DnsClient.DNS.RCODE.Other">
            <summary>
            6-15: Reserved for future use.
            </summary>
        </member>
        <member name="T:Boethin.Net.DnsTools.DnsClient.DNS.Header">
            <summary>
            DNS message header.
            </summary>
        </member>
        <member name="P:Boethin.Net.DnsTools.DnsClient.DNS.Header.ID">
            <summary>
            A 16 bit identifier assigned by the program that
            generates any kind of query. This identifier is copied
            the corresponding reply and can be used by the requester
            to match up replies to outstanding queries.
            </summary>
        </member>
        <member name="P:Boethin.Net.DnsTools.DnsClient.DNS.Header.QR">
            <summary>
            A one bit field that specifies whether this message is a
            query (0), or a response (1).
            </summary>
        </member>
        <member name="P:Boethin.Net.DnsTools.DnsClient.DNS.Header.OPCODE">
            <summary>
            A four bit field that specifies kind of query in this
            message.  This value is set by the originator of a query
            and copied into the response.
            </summary>
        </member>
        <member name="P:Boethin.Net.DnsTools.DnsClient.DNS.Header.AA">
            <summary>
            Authoritative Answer - this bit is valid in responses,
            and specifies that the responding name server is an
            authority for the domain name in question section.
            </summary>
        </member>
        <member name="P:Boethin.Net.DnsTools.DnsClient.DNS.Header.TC">
            <summary>
            Truncation - specifies that this message was truncated
            due to length greater than that permitted on the
            transmission channel.
            </summary>
        </member>
        <member name="P:Boethin.Net.DnsTools.DnsClient.DNS.Header.RD">
            <summary>
            Recursion Desired - this bit may be set in a query and
            is copied into the response.  If RD is set, it directs
            the name server to pursue the query recursively.
            </summary>
        </member>
        <member name="P:Boethin.Net.DnsTools.DnsClient.DNS.Header.RA">
            <summary>
            Recursion Available - this be is set or cleared in a
            response, and denotes whether recursive query support is
            available in the name server.
            </summary>
        </member>
        <member name="P:Boethin.Net.DnsTools.DnsClient.DNS.Header.RCODE">
            <summary>
            Response code - this 4 bit field is set as part of
            responses.
            </summary>
        </member>
        <member name="P:Boethin.Net.DnsTools.DnsClient.DNS.Header.QDCOUNT">
            <summary>
            an unsigned 16 bit integer specifying the number of
            entries in the question section.
            </summary>
        </member>
        <member name="P:Boethin.Net.DnsTools.DnsClient.DNS.Header.ANCOUNT">
            <summary>
            an unsigned 16 bit integer specifying the number of
            resource records in the answer section.
            </summary>
        </member>
        <member name="P:Boethin.Net.DnsTools.DnsClient.DNS.Header.NSCOUNT">
            <summary>
            an unsigned 16 bit integer specifying the number of name
            server resource records in the authority records
            section.
            </summary>
        </member>
        <member name="P:Boethin.Net.DnsTools.DnsClient.DNS.Header.ARCOUNT">
            <summary>
            an unsigned 16 bit integer specifying the number of
            resource records in the additional records section.
            </summary>
        </member>
        <member name="T:Boethin.Net.DnsTools.DnsClient.Logging.Resources.LogMessages">
            <summary>
              A strongly-typed resource class, for looking up localized strings, etc.
            </summary>
        </member>
        <member name="P:Boethin.Net.DnsTools.DnsClient.Logging.Resources.LogMessages.ResourceManager">
            <summary>
              Returns the cached ResourceManager instance used by this class.
            </summary>
        </member>
        <member name="P:Boethin.Net.DnsTools.DnsClient.Logging.Resources.LogMessages.Culture">
            <summary>
              Overrides the current thread's CurrentUICulture property for all
              resource lookups using this strongly typed resource class.
            </summary>
        </member>
        <member name="P:Boethin.Net.DnsTools.DnsClient.Logging.Resources.LogMessages.ResponseNonZero">
            <summary>
              Looks up a localized string similar to Non-Zero RCODE received: &apos;{0}&apos; ({1})..
            </summary>
        </member>
        <member name="P:Boethin.Net.DnsTools.DnsClient.Logging.Resources.LogMessages.ResponseReceived">
            <summary>
              Looks up a localized string similar to Received {0} bytes from &apos;{1}&apos;..
            </summary>
        </member>
        <member name="P:Boethin.Net.DnsTools.DnsClient.Logging.Resources.LogMessages.ResponseTruncated">
            <summary>
              Looks up a localized string similar to Truncated response (TC bit is set)..
            </summary>
        </member>
        <member name="P:Boethin.Net.DnsTools.DnsClient.Logging.Resources.LogMessages.SendingRequest">
            <summary>
              Looks up a localized string similar to Sending {0} bytes via {1} to &apos;{2}&apos; on port {3}..
            </summary>
        </member>
        <member name="T:Boethin.Net.DnsTools.DnsClient.DNS.Question">
            <summary>
            The question section is used to carry the "question" in most queries,
            i.e., the parameters that define what is being asked.  The section
            contains QDCOUNT (usually 1) entries, each of the following format:
            </summary>
        </member>
        <member name="M:Boethin.Net.DnsTools.DnsClient.DNS.Question.#ctor(System.String,Boethin.Net.DnsTools.DnsClient.DNS.QTYPE,Boethin.Net.DnsTools.DnsClient.DNS.QCLASS)">
            <summary>
            Initialize a new DNS question.
            </summary>
            <param name="qname">A domain name represented as a sequence of labels.</param>
            <param name="qtype">A two octet code which specifies the type of the query.</param>
            <param name="qclass">A two octet code that specifies the class of the query.</param>
        </member>
        <member name="M:Boethin.Net.DnsTools.DnsClient.DNS.Question.#ctor(System.String,Boethin.Net.DnsTools.DnsClient.DNS.QTYPE)">
            <summary>
            Initialize a new DNS question using QCLASS IN.
            </summary>
            <param name="qname">A domain name represented as a sequence of labels.</param>
            <param name="qtype">A two octet code which specifies the type of the query.</param>
        </member>
        <member name="P:Boethin.Net.DnsTools.DnsClient.DNS.Question.QNAME">
            <summary>
            a domain name represented as a sequence of labels
            </summary>
        </member>
        <member name="P:Boethin.Net.DnsTools.DnsClient.DNS.Question.QTYPE">
            <summary>
            a two octet code which specifies the type of the query.
            </summary>
        </member>
        <member name="P:Boethin.Net.DnsTools.DnsClient.DNS.Question.QCLASS">
            <summary>
            a two octet code that specifies the class of the query.
            </summary>
        </member>
        <member name="P:Boethin.Net.DnsTools.DnsClient.DNS.Records.MX.PREFERENCE">
            <summary>
            A 16 bit integer which specifies the preference given to
            this RR among others at the same owner.  Lower values
            are prefered.
            </summary>
        </member>
        <member name="P:Boethin.Net.DnsTools.DnsClient.DNS.Records.MX.EXCHANGE">
            <summary>
            A &lt;domain-name&gt; which specifies a host willing to act as
            a mail exchange for the owner name.
            </summary>
        </member>
        <member name="T:Boethin.Net.DnsTools.DnsClient.DNS.Records.AAAA">
            <summary>
            IPv6 address record.
            </summary>
        </member>
        <member name="F:Boethin.Net.DnsTools.DnsClient.DNS.QR.Q">
            <summary>
            Query (0)
            </summary>
        </member>
        <member name="F:Boethin.Net.DnsTools.DnsClient.DNS.QR.R">
            <summary>
            Response (1)
            </summary>
        </member>
        <member name="T:Boethin.Net.DnsTools.DnsClient.DNS.Records.Default">
            <summary>
            Default recorce record whose type is not implemented.
            </summary>
        </member>
        <member name="P:Boethin.Net.DnsTools.DnsClient.DNS.Records.Default.RDATA">
            <summary>
            The variable length string of octets that describes the resource.
            </summary>
        </member>
        <member name="T:Boethin.Net.DnsTools.DnsClient.InvalidResponseException">
            <summary>
            An exception of this type is thrown when a response from the server was not understood by the 
            client or would lead to inconsistent response data. This meight point either to a misconfigured 
            name server or a serious bug in the client software.
            </summary>
        </member>
    </members>
</doc>
