<?xml version="1.0"?>
<doc>
    <assembly>
        <name>Boethin.Net.DnsTools.Resolution</name>
    </assembly>
    <members>
        <member name="P:Boethin.Net.DnsTools.Resolution.NetworkHost.Name">
            <summary>
            The server's host name.
            </summary>
        </member>
        <member name="P:Boethin.Net.DnsTools.Resolution.NetworkHost.Addresses">
            <summary>
            The list of the server's IP addresses.
            <para>The list is empty if the server's name has not been resolved yet.</para>
            </summary>
        </member>
        <member name="P:Boethin.Net.DnsTools.Resolution.NetworkHost.IsResolved">
            <summary>
            Whether or not the name is resolved to a list of IP addresses.
            </summary>
        </member>
        <member name="T:Boethin.Net.DnsTools.Resolution.Results.ResolutionResult">
            <summary>
            The result of a name server request, consisting of the server's response and 
            the set of name servers responsible for the response.
            </summary>
        </member>
        <member name="F:Boethin.Net.DnsTools.Resolution.Results.ResolutionResult.Request">
            <summary>
            The request that has been sent to the name server.
            </summary>
        </member>
        <member name="F:Boethin.Net.DnsTools.Resolution.Results.ResolutionResult.Response">
            <summary>
            The actual name server response.
            </summary>
        </member>
        <member name="P:Boethin.Net.DnsTools.Resolution.Results.ResolutionResult.Authorities">
            <summary>
            The set of name servers where the current server has been chosen from.
            The current server is the selected item in the collection.
            </summary>
        </member>
        <member name="P:Boethin.Net.DnsTools.Resolution.Results.ResolutionResult.NextAuthorities">
            <summary>
            Authories for the next step. If not null, one of them may be given to the MoveNext method.
            </summary>
        </member>
        <member name="P:Boethin.Net.DnsTools.Resolution.Results.ResolutionResult.Duration">
            <summary>
            How long it took to get the server's response.
            </summary>
        </member>
        <member name="M:Boethin.Net.DnsTools.Resolution.Extensions.IPAddressExtensions.GetArpaDomain(System.Net.IPAddress)">
            <summary>
            Get the ARPA reverse domain name for an IPv4 or IPv6 address.
            </summary>
            <param name="addr"></param>
            <returns></returns>
        </member>
        <member name="M:Boethin.Net.DnsTools.Resolution.NameServer.GetFirstAddress(Boethin.Net.DnsTools.Resolution.IPVersion)">
            <summary>
            Get the first IP address matching the version specification (or null if no address is known so far).
            </summary>
            <param name="protocolVersion">Protocol version flag.</param>
            <returns></returns>
        </member>
        <member name="T:Boethin.Net.DnsTools.Resolution.Caching.AddressCache">
            <summary>
            A cache for address records.
            </summary>
        </member>
        <member name="M:Boethin.Net.DnsTools.Resolution.Caching.AddressCache.Set(System.Collections.Generic.IEnumerable{Boethin.Net.DnsTools.DnsClient.DNS.Records.Address})">
            <summary>
            Add a list of address records without expiration to the cache.
            </summary>
            <param name="records">A list of address records.</param>
        </member>
        <member name="M:Boethin.Net.DnsTools.Resolution.Caching.AddressCache.Set(System.DateTime,System.Collections.Generic.IEnumerable{Boethin.Net.DnsTools.DnsClient.DNS.Records.Address})">
            <summary>
            Add a list of address records to the cache, where the expiration is calculated 
            from a given timestamp and the TTL values. Records with zero TTL are ignored.
            <para>The minimum of all TTL values is used for each name.</para>
            </summary>
            <param name="timestamp">The timestamp determining the cache expiration.</param>
            <param name="records">A list of address records.</param>
        </member>
        <member name="M:Boethin.Net.DnsTools.Resolution.Extensions.RRLinqExtensions.Select``1(System.Collections.Generic.IEnumerable{Boethin.Net.DnsTools.DnsClient.DNS.RR})">
            <summary>
            Extract a specified set of RRs from a generic list of RRs.
            </summary>
            <typeparam name="TRecord"></typeparam>
            <param name="records"></param>
            <returns></returns>
        </member>
        <member name="T:Boethin.Net.DnsTools.Resolution.DomainResolver">
            <summary>
            An iterative name resolver.
            </summary>
        </member>
        <member name="M:Boethin.Net.DnsTools.Resolution.DomainResolver.#ctor(Boethin.Net.DnsTools.Resolution.Options,Boethin.Net.DnsTools.Resolution.DnsDomain)">
            <summary>
            Initialize a new instance of the Resolver class.
            </summary>
            <param name="options">Resolution options</param>
            <param name="domain">The domain in question</param>
        </member>
        <member name="M:Boethin.Net.DnsTools.Resolution.DomainResolver.#ctor(Boethin.Net.DnsTools.Resolution.Options,System.String)">
            <summary>
            Initialize a new instance of the Resolver class.
            </summary>
            <param name="options">Resolution options</param>
            <param name="domain">The domain in question</param>
        </member>
        <member name="M:Boethin.Net.DnsTools.Resolution.DomainResolver.#ctor(Boethin.Net.DnsTools.Resolution.DnsDomain)">
            <summary>
            Initialize a new instance of the Resolver class using default options.
            </summary>
            <param name="domain">The domain in question</param>
        </member>
        <member name="M:Boethin.Net.DnsTools.Resolution.DomainResolver.#ctor(System.String)">
            <summary>
            Initialize a new instance of the Resolver class using default options.
            </summary>
            <param name="domain">The domain in question</param>
        </member>
        <member name="M:Boethin.Net.DnsTools.Resolution.DomainResolver.Connect(Boethin.Net.DnsTools.DnsClient.IDnsClient)">
            <summary>
            Associate a client to the resolver.
            <para>Note that the connection with a client gets lost during serialization.</para>
            </summary>
            <param name="client"></param>
        </member>
        <member name="M:Boethin.Net.DnsTools.Resolution.DomainResolver.GetIterator(Boethin.Net.DnsTools.DnsClient.DNS.QTYPE)">
            <summary>
            Create a new request iterator for resolving the specified question.
            </summary>
            <param name="question">The question to resolve.</param>
            <returns></returns>
        </member>
        <member name="M:Boethin.Net.DnsTools.Resolution.DomainResolver.CanMailExchange">
            <summary>
            Check whether or not there are MX or Address records associated with the given name.
            </summary>
            <returns></returns>
        </member>
        <member name="P:Boethin.Net.DnsTools.Resolution.DomainResolver.Domain">
            <summary>
            The name to be resolved.
            </summary>
        </member>
        <member name="P:Boethin.Net.DnsTools.Resolution.DomainResolver.Client">
            <summary>
            The client object associated with the current instance.
            <para>Use the Connect method to connect the resolver with a client.</para>
            </summary>
        </member>
        <member name="P:Boethin.Net.DnsTools.Resolution.DomainResolver.Connected">
            <summary>
            Whether or not the current instance is connected with a client.
            <para>Note that the connection with a client gets lost during serialization.</para>
            </summary>
        </member>
        <member name="T:Boethin.Net.DnsTools.Resolution.Logging.Resources.LogMessages">
            <summary>
              A strongly-typed resource class, for looking up localized strings, etc.
            </summary>
        </member>
        <member name="P:Boethin.Net.DnsTools.Resolution.Logging.Resources.LogMessages.ResourceManager">
            <summary>
              Returns the cached ResourceManager instance used by this class.
            </summary>
        </member>
        <member name="P:Boethin.Net.DnsTools.Resolution.Logging.Resources.LogMessages.Culture">
            <summary>
              Overrides the current thread's CurrentUICulture property for all
              resource lookups using this strongly typed resource class.
            </summary>
        </member>
        <member name="P:Boethin.Net.DnsTools.Resolution.Logging.Resources.LogMessages.AnyRecordResolutionSucceeded">
            <summary>
              Looks up a localized string similar to SOA found, but no other RRs in reply to &apos;ANY&apos; query..
            </summary>
        </member>
        <member name="P:Boethin.Net.DnsTools.Resolution.Logging.Resources.LogMessages.AnyRecordResolutionSucceeded2">
            <summary>
              Looks up a localized string similar to {0} Resouce Records were found in reply to &apos;ANY&apos; query..
            </summary>
        </member>
        <member name="P:Boethin.Net.DnsTools.Resolution.Logging.Resources.LogMessages.AuthoritySelected">
            <summary>
              Looks up a localized string similar to Name server &apos;{0}&apos; has been selected..
            </summary>
        </member>
        <member name="P:Boethin.Net.DnsTools.Resolution.Logging.Resources.LogMessages.CNameFound">
            <summary>
              Looks up a localized string similar to The name &apos;{0}&apos; is an alias for the canonical name &apos;{1}&apos;..
            </summary>
        </member>
        <member name="P:Boethin.Net.DnsTools.Resolution.Logging.Resources.LogMessages.CNameNoFollow">
            <summary>
              Looks up a localized string similar to The resolver is not configured to follow the canonical name..
            </summary>
        </member>
        <member name="P:Boethin.Net.DnsTools.Resolution.Logging.Resources.LogMessages.ContinuingResultion">
            <summary>
              Looks up a localized string similar to Continuing resolution of &apos;{0}&apos; with &apos;{1}&apos; authority..
            </summary>
        </member>
        <member name="P:Boethin.Net.DnsTools.Resolution.Logging.Resources.LogMessages.MissingRecords">
            <summary>
              Looks up a localized string similar to No Resource Record of type &apos;{0}&apos; was found..
            </summary>
        </member>
        <member name="P:Boethin.Net.DnsTools.Resolution.Logging.Resources.LogMessages.NameNotExisting">
            <summary>
              Looks up a localized string similar to The name &apos;{0}&apos; does not exist..
            </summary>
        </member>
        <member name="P:Boethin.Net.DnsTools.Resolution.Logging.Resources.LogMessages.NameServerResolved">
            <summary>
              Looks up a localized string similar to Name server &apos;{0}&apos; has been resolved, continuing with &apos;{1}&apos;..
            </summary>
        </member>
        <member name="P:Boethin.Net.DnsTools.Resolution.Logging.Resources.LogMessages.NegativeResponse">
            <summary>
              Looks up a localized string similar to Negative Response: {0}..
            </summary>
        </member>
        <member name="P:Boethin.Net.DnsTools.Resolution.Logging.Resources.LogMessages.NextAuthoritiesReceived">
            <summary>
              Looks up a localized string similar to {2} authorities of &apos;{1}&apos; from &apos;{0}&apos;..
            </summary>
        </member>
        <member name="P:Boethin.Net.DnsTools.Resolution.Logging.Resources.LogMessages.QueryNotImplemented">
            <summary>
              Looks up a localized string similar to The name server does not support queries of type &apos;{0}&apos;..
            </summary>
        </member>
        <member name="P:Boethin.Net.DnsTools.Resolution.Logging.Resources.LogMessages.RecordResolutionSucceeded">
            <summary>
              Looks up a localized string similar to A Resouce Records of type &apos;{0}&apos; was found..
            </summary>
        </member>
        <member name="P:Boethin.Net.DnsTools.Resolution.Logging.Resources.LogMessages.RecordResolutionSucceeded2">
            <summary>
              Looks up a localized string similar to {1} Resouce Records of type &apos;{0}&apos; were found..
            </summary>
        </member>
        <member name="P:Boethin.Net.DnsTools.Resolution.Logging.Resources.LogMessages.RepeatingTruncatedAnswer">
            <summary>
              Looks up a localized string similar to A truncated answer has been received, so the request needs to be repeated via TCP..
            </summary>
        </member>
        <member name="P:Boethin.Net.DnsTools.Resolution.Logging.Resources.LogMessages.RequestDuration">
            <summary>
              Looks up a localized string similar to Request took {0}ms..
            </summary>
        </member>
        <member name="P:Boethin.Net.DnsTools.Resolution.Logging.Resources.LogMessages.ResolutionFinished">
            <summary>
              Looks up a localized string similar to Resolution finished, took {0} steps..
            </summary>
        </member>
        <member name="P:Boethin.Net.DnsTools.Resolution.Logging.Resources.LogMessages.ResolvingNameServer">
            <summary>
              Looks up a localized string similar to Name server &apos;{0}&apos; needs to be resolved first..
            </summary>
        </member>
        <member name="P:Boethin.Net.DnsTools.Resolution.Logging.Resources.LogMessages.ResourceRecordFound">
            <summary>
              Looks up a localized string similar to Resource Record &apos;{1}&apos; of type {0} found..
            </summary>
        </member>
        <member name="P:Boethin.Net.DnsTools.Resolution.Logging.Resources.LogMessages.ResourceRecordFoundA">
            <summary>
              Looks up a localized string similar to IPv4 address &apos;{0}&apos; found: {1}..
            </summary>
        </member>
        <member name="P:Boethin.Net.DnsTools.Resolution.Logging.Resources.LogMessages.ResourceRecordFoundAAAA">
            <summary>
              Looks up a localized string similar to IPv6 address &apos;{0}&apos; found: {1}..
            </summary>
        </member>
        <member name="P:Boethin.Net.DnsTools.Resolution.Logging.Resources.LogMessages.ResourceRecordFoundNS">
            <summary>
              Looks up a localized string similar to Name server &apos;{0}&apos; found..
            </summary>
        </member>
        <member name="P:Boethin.Net.DnsTools.Resolution.Logging.Resources.LogMessages.ResourceRecordFoundPTR">
            <summary>
              Looks up a localized string similar to Pointer &apos;{0}&apos; found: &apos;{1}&apos;..
            </summary>
        </member>
        <member name="P:Boethin.Net.DnsTools.Resolution.Logging.Resources.LogMessages.ResponseInvalid">
            <summary>
              Looks up a localized string similar to Invalid response: {0}.
            </summary>
        </member>
        <member name="P:Boethin.Net.DnsTools.Resolution.Logging.Resources.LogMessages.SendingRequest">
            <summary>
              Looks up a localized string similar to Sending DNS request using {1} to &apos;{0}&apos;..
            </summary>
        </member>
        <member name="P:Boethin.Net.DnsTools.Resolution.Logging.Resources.LogMessages.ServerFailure">
            <summary>
              Looks up a localized string similar to The name server was unable to process this query due to a problem with the name server..
            </summary>
        </member>
        <member name="P:Boethin.Net.DnsTools.Resolution.Logging.Resources.LogMessages.ServerRefused">
            <summary>
              Looks up a localized string similar to The name server refuses to perform the specified operation for policy easons..
            </summary>
        </member>
        <member name="P:Boethin.Net.DnsTools.Resolution.Logging.Resources.LogMessages.SingleAddressResolutionSucceeded">
            <summary>
              Looks up a localized string similar to Name &apos;{0}&apos; has been successfully resolved to &apos;{1}&apos;..
            </summary>
        </member>
        <member name="P:Boethin.Net.DnsTools.Resolution.Logging.Resources.LogMessages.SinglePointerResolutionSucceeded">
            <summary>
              Looks up a localized string similar to Pointer resolution succeeded with the name &apos;{0}&apos;..
            </summary>
        </member>
        <member name="P:Boethin.Net.DnsTools.Resolution.Logging.Resources.LogMessages.StartingResultion">
            <summary>
              Looks up a localized string similar to Starting resolution of &apos;{0}&apos; with a &apos;{1}&apos; authority..
            </summary>
        </member>
        <member name="P:Boethin.Net.DnsTools.Resolution.Logging.Resources.LogMessages.StartingResultionRoot">
            <summary>
              Looks up a localized string similar to Starting resolution of &apos;{0}&apos; with a root name server..
            </summary>
        </member>
        <member name="P:Boethin.Net.DnsTools.Resolution.Logging.Resources.LogMessages.UnexpectedRCode">
            <summary>
              Looks up a localized string similar to Unexpected RCODE value {0} &apos;{1}&apos; received..
            </summary>
        </member>
        <member name="F:Boethin.Net.DnsTools.Resolution.IPVersion.IPv4">
            <summary>
            IPv4 is required for all connections.
            </summary>
        </member>
        <member name="F:Boethin.Net.DnsTools.Resolution.IPVersion.IPv6">
            <summary>
            IPv6 is required for all connections.
            </summary>
        </member>
        <member name="F:Boethin.Net.DnsTools.Resolution.IPVersion.DualStack">
            <summary>
            In dual stack mode, both versions are accepted while v6 is prefered.
            </summary>
        </member>
        <member name="F:Boethin.Net.DnsTools.Resolution.RootServers.Cache">
            <summary>
            In-memory cache for top level name servers.
            </summary>
        </member>
        <member name="T:Boethin.Net.DnsTools.Resolution.Caching.ExpirableElement`1">
            <summary>
            A generic cache element with expiration time (considered as system local time).
            </summary>
            <typeparam name="TElement"></typeparam>
        </member>
        <member name="F:Boethin.Net.DnsTools.Resolution.Caching.ExpirableElement`1._Element">
            <summary>
            The expirable element.
            </summary>
        </member>
        <member name="F:Boethin.Net.DnsTools.Resolution.Caching.ExpirableElement`1.Expiration">
            <summary>
            The absolute value of expiration considered as system local time.
            <para>A value of DateTime.MaxValue indicates that the element does not expire at all.</para>
            </summary>
        </member>
        <member name="M:Boethin.Net.DnsTools.Resolution.Caching.ExpirableElement`1.#ctor(`0)">
            <summary>
            Create a new instance of an expirablke element that does never expire.
            </summary>
            <param name="element">The expirable element.</param>
        </member>
        <member name="M:Boethin.Net.DnsTools.Resolution.Caching.ExpirableElement`1.#ctor(`0,System.DateTime)">
            <summary>
            Create a new instance of an expirable element with a given expiration time.
            </summary>
            <param name="element">The expirable element.</param>
            <param name="expiration">The absolute value of expiration considered as system local time.</param>
        </member>
        <member name="T:Boethin.Net.DnsTools.Resolution.NameServerCollection">
            <summary>
            These NS RRs list the names of hosts for a zone at or above SNAME [RFC 1034].
            <para>A collection of name server objects with the capability to mark one of them as selected.</para>
            </summary>
        </member>
        <member name="M:Boethin.Net.DnsTools.Resolution.NameServerCollection.SelectOne(Boethin.Net.DnsTools.Resolution.NameServer)">
            <summary>
            Mark one item in the collection of name servers as the selected one.
            <para>The method is invalid for an empty set of name servers.</para>
            </summary>
            <param name="selected"></param>
        </member>
        <member name="M:Boethin.Net.DnsTools.Resolution.NameServerCollection.SelectAny">
            <summary>
            Randomly select one item from the collection of name servers (resolved items prefered).
            <para>The method is invalid for an empty set of name servers.</para>
            </summary>
            <returns></returns>
        </member>
        <member name="P:Boethin.Net.DnsTools.Resolution.NameServerCollection.Count">
            <summary>
            Gets the number of elements contained in the name server collection.
            </summary>
        </member>
        <member name="P:Boethin.Net.DnsTools.Resolution.NameServerCollection.IsEmpty">
            <summary>
            Whether or not the collection is empty.
            </summary>
        </member>
        <member name="P:Boethin.Net.DnsTools.Resolution.NameServerCollection.ZoneName">
            <summary>
            The zone name where all name servers are at or above. 
            The value is null for the empty collection.
            </summary>
        </member>
        <member name="P:Boethin.Net.DnsTools.Resolution.NameServerCollection.Selected">
            <summary>
            The selected name server, only valid if one has been selected.
            </summary>
        </member>
        <member name="F:Boethin.Net.DnsTools.Resolution.Options.Default">
            <summary>
            Default option set, suitable for the most standard cases.
            </summary>
        </member>
        <member name="P:Boethin.Net.DnsTools.Resolution.Options.UseRootCache">
            <summary>
            Whether or not to use in-memory cache for top level name servers. The root server cache is
            maintained during application life-time.
            <para>This option is recommended for performance reasons, since root server responses rarely change.</para>
            </summary>
        </member>
        <member name="P:Boethin.Net.DnsTools.Resolution.Options.StrictAuhtoritative">
            <summary>
            Whether or not to accept address records only from authoritative answers, i.e. ignore 
            address records given by additional records from non-authoritative answers.
            <para>This option may considerably increase the amount of requests within an iterative resolution.</para> 
            </summary>
        </member>
        <member name="P:Boethin.Net.DnsTools.Resolution.Options.IPVersion">
            <summary>
            IP version flag.
            <para>IPv6 is prefered if both IPv4 and IPv6 flags are set (DualStack), 
            otherwise the specified IP version is required.</para>
            </summary>
        </member>
        <member name="P:Boethin.Net.DnsTools.Resolution.Options.RepeatTruncated">
            <summary>
            Whether or not to repeat a name server request once if the TRUNCATED flag was set in the response.
            <para>This option gives the chance to reconnect the resolver with a TCP client before 
            performing the next step in order to get a response that exceeds 512 bytes.</para>
            </summary>
        </member>
        <member name="P:Boethin.Net.DnsTools.Resolution.Options.FollowCanonical">
            <summary>
            Whether or not the resolver should pursue aliases. That is, if a resolution process 
            ends up without the requested RR types but with a CNAME RR, the resolver can start a
            new iteration with the same question onn  the given canonical name.
            </summary>
        </member>
        <member name="P:Boethin.Net.DnsTools.Resolution.Options.IterationLoopControl">
            <summary>
            If the given maximum amount of iterations is reached during a resultion, an exception will be thrown.
            <para>If the value is not greater than zero, loop control is disabled.</para>
            </summary>
        </member>
        <member name="T:Boethin.Net.DnsTools.Resolution.DnsDomain">
            <summary>
            A DNS domain is either the root '.' or a collection of DNS labels, starting with the topmost one.
            <para>See [RFC 1034] 3.1, &quot;Name space specifications and terminology&quot; and [RFC 2782] for symbolic names.</para>
            </summary>
        </member>
        <member name="P:Boethin.Net.DnsTools.Resolution.DnsDomain.Length">
            <summary>
            The actual number of characters of the FQDN (i.e. including the trailing dot).
            </summary>
        </member>
        <member name="M:Boethin.Net.DnsTools.Resolution.Caching.DomainTreeCache`1.Get(Boethin.Net.DnsTools.Resolution.DnsDomain,System.DateTime)">
            <summary>
            Find the best matching leaf for a domain.
            </summary>
            <param name="domain">The domain, considered as a search path.</param>
            <param name="now">Reference date determining cache expiration.</param>
            <returns></returns>
        </member>
    </members>
</doc>
